2020-04-30 17:51:13.112,view all inventory figures
2020-04-30 17:51:13.141,deposit into inventory (50000.00 RON)
2020-04-30 17:51:13.141,deposit into inventory ($1000.00)
2020-04-30 17:51:13.142,deposit into inventory (€310.75)
2020-04-30 17:51:13.142,view all inventory figures
2020-04-30 17:51:13.149,view inventory for currency: RON
2020-04-30 17:51:13.15,withdraw from inventory (50.00 RON)
2020-04-30 17:51:13.15,view inventory for currency: RON
2020-04-30 17:51:13.151,report total inventory value
2020-04-30 17:51:13.158,withdraw from inventory (475.00 RON)
2020-04-30 17:51:13.159,deposit into inventory (€100.00)
2020-04-30 17:51:13.16,view all inventory figures
2020-04-30 17:51:13.161,withdraw from inventory (750000.00 RON)
2020-04-30 17:51:13.181,deposit into inventory (100.00oz Gold)
2020-04-30 17:51:13.182,view all inventory figures
2020-04-30 17:51:13.183,withdraw from inventory (550.00 RON)
2020-04-30 17:51:13.183,deposit into inventory (£100.00)
2020-04-30 17:51:13.184,view all inventory figures
2020-04-30 17:51:13.184,withdraw from inventory (€100.00)
2020-04-30 17:51:13.185,deposit into inventory (495.00 RON)
2020-04-30 17:51:13.185,view all inventory figures
2020-04-30 17:51:13.187,withdraw from inventory (€20.20)
2020-04-30 17:51:13.187,deposit into inventory (100.00 RON)
2020-04-30 17:51:13.188,view all inventory figures
2020-04-30 17:51:13.189,report total inventory value
2020-04-30 17:51:13.19,view all inventory figures
2020-04-30 17:51:13.191,withdraw from inventory (1000000.00 RON)
2020-04-30 17:51:13.192,view all inventory figures
2020-04-30 18:08:18.996,view all inventory figures
2020-04-30 18:08:19.058,deposit into inventory (50000.00 RON)
2020-04-30 18:08:19.059,deposit into inventory ($1000.00)
2020-04-30 18:08:19.059,deposit into inventory (€310.75)
2020-04-30 18:08:19.06,view all inventory figures
2020-04-30 18:08:19.065,view inventory for currency: RON
2020-04-30 18:08:19.066,withdraw from inventory (50.00 RON)
2020-04-30 18:08:19.067,view inventory for currency: RON
2020-04-30 18:08:19.068,report total inventory value
2020-04-30 18:08:19.076,withdraw from inventory (475.00 RON)
2020-04-30 18:08:19.077,deposit into inventory (€100.00)
2020-04-30 18:08:19.077,view all inventory figures
2020-04-30 18:08:19.078,withdraw from inventory (750000.00 RON)
2020-04-30 18:08:19.091,deposit into inventory (100.00oz Gold)
2020-04-30 18:08:19.092,view all inventory figures
2020-04-30 18:08:19.093,withdraw from inventory (550.00 RON)
2020-04-30 18:08:19.094,deposit into inventory (£100.00)
2020-04-30 18:08:19.094,view all inventory figures
2020-04-30 18:08:19.095,withdraw from inventory (€100.00)
2020-04-30 18:08:19.096,deposit into inventory (495.00 RON)
2020-04-30 18:08:19.096,view all inventory figures
2020-04-30 18:08:19.098,withdraw from inventory (€20.20)
2020-04-30 18:08:19.098,deposit into inventory (100.00 RON)
2020-04-30 18:08:19.099,view all inventory figures
2020-04-30 18:08:19.1,report total inventory value
2020-04-30 18:08:19.101,view all inventory figures
2020-04-30 18:08:19.102,withdraw from inventory (1000000.00 RON)
2020-04-30 18:08:19.103,view all inventory figures
2020-04-30 18:09:52.409,view all inventory figures
2020-04-30 18:09:52.477,deposit into inventory (50000.00 RON)
2020-04-30 18:09:52.477,deposit into inventory ($1000.00)
2020-04-30 18:09:52.478,deposit into inventory (€310.75)
2020-04-30 18:09:52.48,view all inventory figures
2020-04-30 18:09:52.487,view inventory for currency: RON
2020-04-30 18:09:52.488,withdraw from inventory (50.00 RON)
2020-04-30 18:09:52.488,view inventory for currency: RON
2020-04-30 18:09:52.489,report total inventory value
2020-04-30 18:09:52.498,withdraw from inventory (475.00 RON)
2020-04-30 18:09:52.499,deposit into inventory (€100.00)
2020-04-30 18:09:52.499,view all inventory figures
2020-04-30 18:09:52.5,withdraw from inventory (750000.00 RON)
2020-04-30 18:09:52.519,deposit into inventory (100.00oz Gold)
2020-04-30 18:09:52.519,view all inventory figures
2020-04-30 18:09:52.52,withdraw from inventory (550.00 RON)
2020-04-30 18:09:52.521,deposit into inventory (£100.00)
2020-04-30 18:09:52.521,view all inventory figures
2020-04-30 18:09:52.523,withdraw from inventory (€100.00)
2020-04-30 18:09:52.523,deposit into inventory (495.00 RON)
2020-04-30 18:09:52.524,view all inventory figures
2020-04-30 18:09:52.525,withdraw from inventory (€20.20)
2020-04-30 18:09:52.525,deposit into inventory (100.00 RON)
2020-04-30 18:09:52.526,view all inventory figures
2020-04-30 18:09:52.527,report total inventory value
2020-04-30 18:09:52.528,view all inventory figures
2020-04-30 18:09:52.53,withdraw from inventory (1000000.00 RON)
2020-04-30 18:09:52.531,view all inventory figures
2020-04-30 18:10:18.737,view all inventory figures
2020-04-30 18:10:18.844,deposit into inventory (50000.00 RON)
2020-04-30 18:10:18.846,deposit into inventory ($1000.00)
2020-04-30 18:10:18.847,deposit into inventory (€310.75)
2020-04-30 18:10:18.847,view all inventory figures
2020-04-30 18:10:18.857,view inventory for currency: RON
2020-04-30 18:10:18.859,withdraw from inventory (50.00 RON)
2020-04-30 18:10:18.86,view inventory for currency: RON
2020-04-30 18:10:18.862,report total inventory value
2020-04-30 18:10:18.875,withdraw from inventory (475.00 RON)
2020-04-30 18:10:18.876,deposit into inventory (€100.00)
2020-04-30 18:10:18.877,view all inventory figures
2020-04-30 18:10:18.879,withdraw from inventory (750000.00 RON)
2020-04-30 18:10:18.879,deposit into inventory (100.00oz Gold)
2020-04-30 18:10:18.88,view all inventory figures
2020-04-30 18:10:18.881,withdraw from inventory (550.00 RON)
2020-04-30 18:10:18.882,deposit into inventory (£100.00)
2020-04-30 18:10:18.882,view all inventory figures
2020-04-30 18:10:18.883,withdraw from inventory (€100.00)
2020-04-30 18:10:18.884,deposit into inventory (495.00 RON)
2020-04-30 18:10:18.884,view all inventory figures
2020-04-30 18:10:18.885,withdraw from inventory (€20.20)
2020-04-30 18:10:18.886,deposit into inventory (100.00 RON)
2020-04-30 18:10:18.886,view all inventory figures
2020-04-30 18:10:18.888,report total inventory value
2020-04-30 18:10:18.89,view all inventory figures
2020-04-30 18:10:18.892,withdraw from inventory (1000000.00 RON)
2020-04-30 18:10:18.893,view all inventory figures
2020-04-30 19:04:05.355,view all inventory figures
2020-04-30 19:04:05.424,deposit into inventory (50000.00 RON)
2020-04-30 19:04:05.425,deposit into inventory ($1000.00)
2020-04-30 19:04:05.425,deposit into inventory (€310.75)
2020-04-30 19:04:05.426,view all inventory figures
2020-04-30 19:04:05.43,view inventory for currency: RON
2020-04-30 19:04:05.431,withdraw from inventory (50.00 RON)
2020-04-30 19:04:05.431,view inventory for currency: RON
2020-04-30 19:04:05.432,report total inventory value
2020-04-30 19:04:05.434,withdraw from inventory (475.00 RON)
2020-04-30 19:04:05.435,deposit into inventory (€100.00)
2020-04-30 19:04:05.435,view all inventory figures
2020-04-30 19:04:05.436,withdraw from inventory (750000.00 RON)
2020-04-30 19:04:05.437,deposit into inventory (100.00oz Gold)
2020-04-30 19:04:05.437,view all inventory figures
2020-04-30 19:04:05.438,withdraw from inventory (550.00 RON)
2020-04-30 19:04:05.439,deposit into inventory (£100.00)
2020-04-30 19:04:05.439,view all inventory figures
2020-04-30 19:04:05.44,withdraw from inventory (€100.00)
2020-04-30 19:04:05.441,deposit into inventory (495.00 RON)
2020-04-30 19:04:05.441,view all inventory figures
2020-04-30 19:04:05.442,withdraw from inventory (€20.20)
2020-04-30 19:04:05.443,deposit into inventory (100.00 RON)
2020-04-30 19:04:05.444,view all inventory figures
2020-04-30 19:04:05.445,report total inventory value
2020-04-30 19:04:05.446,view all inventory figures
2020-04-30 19:04:05.447,withdraw from inventory (1000000.00 RON)
2020-04-30 19:04:05.448,view all inventory figures
2020-04-30 19:04:49.517,withdraw from inventory (15000.00 RON)
2020-04-30 19:04:49.545,deposit into inventory (2.00oz Gold)
2020-04-30 19:04:53.843,saved inventory
2020-04-30 19:05:44.555,view all inventory figures
2020-04-30 19:06:03.677,report total inventory value
